data_column,orario_column,BTP_Price
1/09/2009,0:01,100
2/09/2009,1:01,115.2
3/09/2009,2:01,115.2
4/09/2009,3:01,115.2
7/09/2009,4:01,115.2
8/09/2009,5:01,115.04
9/09/2009,6:01,115.04
10/09/2009,7:01,115.04
11/09/2009,8:01,114.9
14/09/2009,9:01,114.63
15/09/2009,10:01,114.54
16/09/2009,11:01,114.5
17/09/2009,12:01,114.35
18/09/2009,13:01,114.44
21/09/2009,14:01,114.21
22/09/2009,15:01,114.13
23/09/2009,16:01,114.12
24/09/2009,17:01,114.7
25/09/2009,18:01,114.82
28/09/2009,19:01,114.79
29/09/2009,20:01,114.84
30/09/2009,21:01,114.8
1/10/2009,22:01,114.75
2/10/2009,23:01,115.24
5/10/2009,0:01,115.5
6/10/2009,1:01,115.41
7/10/2009,2:01,115.8
8/10/2009,3:01,115.96
9/10/2009,4:01,115.39
12/10/2009,5:01,115.48
13/10/2009,6:01,115.36
14/10/2009,7:01,114.95
15/10/2009,8:01,114.38
16/10/2009,9:01,114.53
19/10/2009,10:01,114.65
20/10/2009,11:01,115.22
21/10/2009,12:01,114.7
22/10/2009,13:01,114.78
23/10/2009,14:01,114.44
26/10/2009,15:01,114.54
27/10/2009,16:01,115.31
28/10/2009,17:01,115.45
29/10/2009,18:01,114.96
30/10/2009,19:01,115.59
2/11/2009,20:01,115.73
3/11/2009,21:01,115.57
4/11/2009,22:01,115.32
5/11/2009,23:01,115.24
6/11/2009,0:01,115.2
9/11/2009,1:01,115.64
10/11/2009,2:01,116.14
11/11/2009,3:01,116.13
12/11/2009,4:01,116.02
13/11/2009,5:01,115.6
16/11/2009,6:01,115.86
17/11/2009,7:01,116.27
18/11/2009,8:01,116.12
19/11/2009,9:01,116.01
20/11/2009,10:01,115.98
23/11/2009,11:01,115.31
24/11/2009,12:01,115.47
25/11/2009,13:01,115.19
26/11/2009,14:01,115.25
27/11/2009,15:01,115.25
30/11/2009,16:01,115.55
1/12/2009,17:01,115.89
2/12/2009,18:01,115.98
3/12/2009,19:01,115.93
4/12/2009,20:01,115.79
7/12/2009,21:01,116.33
8/12/2009,22:01,116.19
9/12/2009,23:01,115.84
10/12/2009,0:01,115.67
11/12/2009,1:01,115.65
14/12/2009,2:01,115.85
15/12/2009,3:01,115.62
16/12/2009,4:01,115.92
17/12/2009,5:01,116.32
18/12/2009,6:01,116.22
21/12/2009,7:01,115.76
22/12/2009,8:01,115.77
23/12/2009,9:01,115.73
28/12/2009,10:01,115.42
29/12/2009,11:01,115.07
30/12/2009,12:01,114.78
4/01/2010,13:01,115.22
5/01/2010,14:01,115.25
6/01/2010,15:01,115.11
7/01/2010,16:01,115.38
8/01/2010,17:01,115.55
11/01/2010,18:01,115.74
12/01/2010,19:01,115.78
13/01/2010,20:01,115.49
14/01/2010,21:01,115.41
15/01/2010,22:01,115.6
18/01/2010,23:01,115.82
19/01/2010,0:01,115.8
20/01/2010,1:01,115.72
21/01/2010,2:01,115.63
22/01/2010,3:01,115.72
25/01/2010,4:01,116.03
26/01/2010,5:01,116.26
27/01/2010,6:01,115.72
28/01/2010,7:01,115.17
29/01/2010,8:01,115.45
1/02/2010,9:01,116.02
2/02/2010,10:01,115.99
3/02/2010,11:01,115.79
4/02/2010,12:01,115.96
5/02/2010,13:01,115.94
8/02/2010,14:01,115.72
9/02/2010,15:01,116.13
10/02/2010,16:01,116.47
11/02/2010,17:01,116.3
12/02/2010,18:01,116.15
15/02/2010,19:01,116.05
16/02/2010,20:01,116.11
17/02/2010,21:01,116.3
18/02/2010,22:01,116.07
19/02/2010,23:01,115.9
22/02/2010,0:01,115.91
23/02/2010,1:01,116.124
24/02/2010,2:01,115.87
25/02/2010,3:01,115.226
26/02/2010,4:01,115.446
1/03/2010,5:01,115.25
2/03/2010,6:01,115.25
3/03/2010,7:01,115.25
4/03/2010,8:01,115.34
5/03/2010,9:01,115.38
8/03/2010,10:01,115.4
9/03/2010,11:01,115.67
10/03/2010,12:01,115.72
11/03/2010,13:01,115.45
12/03/2010,14:01,115.52
15/03/2010,15:01,115.61
16/03/2010,16:01,115.77
17/03/2010,17:01,116
18/03/2010,18:01,115.64
19/03/2010,19:01,115.63
22/03/2010,20:01,115.9
23/03/2010,21:01,116.13
24/03/2010,22:01,116.05
25/03/2010,23:01,115.98
26/03/2010,0:01,116.24
29/03/2010,1:01,116.38
30/03/2010,2:01,116.56
31/03/2010,3:01,116.75
1/04/2010,4:01,117.02
6/04/2010,5:01,116.4
7/04/2010,6:01,116.56
8/04/2010,7:01,116.73
9/04/2010,8:01,116.61
12/04/2010,9:01,116.76
13/04/2010,10:01,116.8
14/04/2010,11:01,116.72
15/04/2010,12:01,116.83
16/04/2010,13:01,117.01
19/04/2010,14:01,117.01
20/04/2010,15:01,116.82
21/04/2010,16:01,116.58
22/04/2010,17:01,116.27
23/04/2010,18:01,116.14
26/04/2010,19:01,116.11
27/04/2010,20:01,115.7
28/04/2010,21:01,114.89
29/04/2010,22:01,115.23
30/04/2010,23:01,115.82
3/05/2010,0:01,115.98
4/05/2010,1:01,115.73
5/05/2010,2:01,115.59
6/05/2010,3:01,113.52
7/05/2010,4:01,113.1
10/05/2010,5:01,116.02
11/05/2010,6:01,116.2
12/05/2010,7:01,116.35
13/05/2010,8:01,116.83
14/05/2010,9:01,116.47
17/05/2010,10:01,116.45
18/05/2010,11:01,116.52
19/05/2010,12:01,116.64
20/05/2010,13:01,116.25
21/05/2010,14:01,116.6
24/05/2010,15:01,116.73
25/05/2010,16:01,116.42
26/05/2010,17:01,115.58
27/05/2010,18:01,114.84
28/05/2010,19:01,114.4
31/05/2010,20:01,113.68
1/06/2010,21:01,112.99
2/06/2010,22:01,112.27
3/06/2010,23:01,112
4/06/2010,0:01,111.81
7/06/2010,1:01,111.2
8/06/2010,2:01,111.8
9/06/2010,3:01,112.88
10/06/2010,4:01,114.03
11/06/2010,5:01,113.97
14/06/2010,6:01,113.29
15/06/2010,7:01,113.5
16/06/2010,8:01,113.48
17/06/2010,9:01,114
18/06/2010,10:01,114.55
21/06/2010,11:01,114.89
22/06/2010,12:01,114.56
23/06/2010,13:01,114.35
24/06/2010,14:01,114.3
25/06/2010,15:01,114.05
28/06/2010,16:01,113.86
29/06/2010,17:01,113.88
30/06/2010,18:01,114.13
1/07/2010,19:01,114.17
2/07/2010,20:01,114.73
5/07/2010,21:01,114.97
6/07/2010,22:01,114.5
7/07/2010,23:01,114.33
8/07/2010,0:01,114.51
9/07/2010,1:01,114.83
12/07/2010,2:01,114.77
13/07/2010,3:01,114.58
14/07/2010,4:01,114.12
15/07/2010,5:01,114.19
16/07/2010,6:01,114.72
19/07/2010,7:01,114.84
20/07/2010,8:01,115.29
21/07/2010,9:01,115.4
22/07/2010,10:01,115.42
23/07/2010,11:01,115.42
26/07/2010,12:01,115.7
27/07/2010,13:01,116.05
28/07/2010,14:01,115.89
29/07/2010,15:01,116.24
30/07/2010,16:01,116.39
2/08/2010,17:01,116.63
3/08/2010,18:01,117.07
4/08/2010,19:01,117.29
5/08/2010,20:01,117.64
6/08/2010,21:01,118.03
9/08/2010,22:01,118.03
10/08/2010,23:01,117.44
11/08/2010,0:01,117.9
12/08/2010,1:01,117.63
13/08/2010,2:01,117.35
16/08/2010,3:01,117.51
17/08/2010,4:01,117.79
18/08/2010,5:01,118.52
19/08/2010,6:01,118.33
20/08/2010,7:01,118.32
23/08/2010,8:01,118.4
24/08/2010,9:01,118.73
25/08/2010,10:01,118.71
26/08/2010,11:01,118.25
27/08/2010,12:01,117.898
30/08/2010,13:01,117.418
31/08/2010,14:01,117.442
1/09/2010,15:01,117.12
2/09/2010,16:01,117.08
3/09/2010,17:01,117.13
6/09/2010,18:01,117.13
7/09/2010,19:01,117.17
8/09/2010,20:01,117.32
9/09/2010,21:01,117.27
10/09/2010,22:01,116.82
13/09/2010,23:01,116.36
14/09/2010,0:01,116.64
15/09/2010,1:01,116.44
16/09/2010,2:01,116.04
17/09/2010,3:01,115.88
20/09/2010,4:01,115.47
21/09/2010,5:01,115.75
22/09/2010,6:01,116.34
23/09/2010,7:01,116.56
24/09/2010,8:01,116.18
27/09/2010,9:01,116.48
28/09/2010,10:01,116.23
29/09/2010,11:01,116.29
30/09/2010,12:01,116.68
1/10/2010,13:01,116.86
4/10/2010,14:01,117.25
5/10/2010,15:01,117.44
6/10/2010,16:01,117.9
7/10/2010,17:01,117.71
8/10/2010,18:01,118.12
11/10/2010,19:01,118.28
12/10/2010,20:01,118.32
13/10/2010,21:01,118.06
14/10/2010,22:01,118.39
15/10/2010,23:01,118.15
18/10/2010,0:01,118.25
19/10/2010,1:01,117.88
20/10/2010,2:01,117.73
21/10/2010,3:01,117.3
22/10/2010,4:01,117.4
25/10/2010,5:01,117.85
26/10/2010,6:01,117.58
27/10/2010,7:01,116.59
28/10/2010,8:01,116.64
29/10/2010,9:01,116.58
1/11/2010,10:01,116.66
2/11/2010,11:01,116.43
3/11/2010,12:01,116.53
4/11/2010,13:01,116.44
5/11/2010,14:01,116.4
8/11/2010,15:01,115.75
9/11/2010,16:01,115.69
10/11/2010,17:01,115.28
11/11/2010,18:01,114.18
12/11/2010,19:01,114.75
15/11/2010,20:01,114.93
16/11/2010,21:01,114.3
17/11/2010,22:01,114.38
18/11/2010,23:01,113.75
19/11/2010,0:01,114.32
22/11/2010,1:01,114.62
23/11/2010,2:01,114.21
24/11/2010,3:01,113.6
25/11/2010,4:01,112.898
26/11/2010,5:01,112.41
29/11/2010,6:01,110.516
30/11/2010,7:01,109.946
1/12/2010,8:01,110.89
2/12/2010,9:01,111.79
3/12/2010,10:01,111.73
6/12/2010,11:01,111.29
7/12/2010,12:01,110.83
8/12/2010,13:01,110.8
9/12/2010,14:01,110.86
10/12/2010,15:01,110.81
13/12/2010,16:01,110.49
14/12/2010,17:01,110.31
15/12/2010,18:01,110.86
16/12/2010,19:01,110.2
17/12/2010,20:01,110.17
20/12/2010,21:01,110.36
21/12/2010,22:01,110.07
22/12/2010,23:01,109.98
23/12/2010,0:01,109.86
27/12/2010,1:01,109.42
28/12/2010,2:01,109.25
29/12/2010,3:01,108.65
30/12/2010,4:01,108.77
3/01/2011,5:01,109.48
4/01/2011,6:01,110.38
5/01/2011,7:01,110.3
6/01/2011,8:01,109.39
7/01/2011,9:01,109.1
10/01/2011,10:01,108.81
11/01/2011,11:01,109.09
12/01/2011,12:01,109.36
13/01/2011,13:01,109.97
14/01/2011,14:01,110.42
17/01/2011,15:01,109.87
18/01/2011,16:01,109.23
19/01/2011,17:01,109.91
20/01/2011,18:01,109.54
21/01/2011,19:01,110.1
24/01/2011,20:01,110.32
25/01/2011,21:01,109.89
26/01/2011,22:01,109.45
27/01/2011,23:01,109.21
28/01/2011,0:01,109.49
31/01/2011,1:01,109.9
1/02/2011,2:01,110.64
2/02/2011,3:01,111.6
3/02/2011,4:01,110.82
4/02/2011,5:01,110.99
7/02/2011,6:01,110.36
8/02/2011,7:01,109.83
9/02/2011,8:01,109.7
10/02/2011,9:01,109.7
11/02/2011,10:01,109.58
14/02/2011,11:01,109.29
15/02/2011,12:01,109.47
16/02/2011,13:01,110.07
17/02/2011,14:01,110.09
18/02/2011,15:01,109.74
21/02/2011,16:01,109.76
22/02/2011,17:01,109.6
23/02/2011,18:01,109.16
24/02/2011,19:01,108.62
25/02/2011,20:01,108.15
28/02/2011,21:01,107.862
1/03/2011,22:01,107.68
2/03/2011,23:01,107.86
3/03/2011,0:01,107.05
4/03/2011,1:01,107.12
7/03/2011,2:01,107.14
8/03/2011,3:01,106.67
9/03/2011,4:01,106.33
10/03/2011,5:01,106.49
11/03/2011,6:01,107.38
14/03/2011,7:01,108.23
15/03/2011,8:01,108.79
16/03/2011,9:01,109.06
17/03/2011,10:01,108.62
18/03/2011,11:01,109.09
21/03/2011,12:01,108.72
22/03/2011,13:01,108.32
23/03/2011,14:01,108.35
24/03/2011,15:01,108.4
25/03/2011,16:01,108.55
28/03/2011,17:01,108.3
29/03/2011,18:01,108.19
30/03/2011,19:01,108.33
31/03/2011,20:01,107.96
1/04/2011,21:01,108.11
4/04/2011,22:01,108.58
5/04/2011,23:01,108.52
6/04/2011,0:01,108.85
7/04/2011,1:01,108.78
8/04/2011,2:01,108.69
11/04/2011,3:01,109.02
12/04/2011,4:01,109.5
13/04/2011,5:01,109.21
14/04/2011,6:01,109.06
15/04/2011,7:01,108.95
18/04/2011,8:01,108.6
19/04/2011,9:01,108.82
20/04/2011,10:01,108.95
21/04/2011,11:01,108.75
26/04/2011,12:01,108.37
27/04/2011,13:01,108.35
28/04/2011,14:01,108.82
29/04/2011,15:01,109.15
2/05/2011,16:01,109.23
3/05/2011,17:01,109.39
4/05/2011,18:01,109.44
5/05/2011,19:01,109.65
6/05/2011,20:01,109.79
9/05/2011,21:01,109.7
10/05/2011,22:01,109.95
11/05/2011,23:01,109.98
12/05/2011,0:01,110.4
13/05/2011,1:01,110.18
16/05/2011,2:01,110.41
17/05/2011,3:01,110.2
18/05/2011,4:01,110.11
19/05/2011,5:01,109.93
20/05/2011,6:01,109.86
23/05/2011,7:01,109.51
24/05/2011,8:01,109.77
25/05/2011,9:01,110.26
26/05/2011,10:01,110.068
27/05/2011,11:01,109.56
30/05/2011,12:01,108.736
31/05/2011,13:01,108.556
1/06/2011,14:01,108.57
2/06/2011,15:01,108.98
3/06/2011,16:01,109.51
6/06/2011,17:01,109.23
7/06/2011,18:01,108.65
8/06/2011,19:01,108.4
9/06/2011,20:01,108.05
10/06/2011,21:01,108.24
13/06/2011,22:01,108.34
14/06/2011,23:01,108.62
15/06/2011,0:01,108.05
16/06/2011,1:01,107.8
17/06/2011,2:01,108.27
20/06/2011,3:01,107.96
21/06/2011,4:01,108.22
22/06/2011,5:01,107.71
23/06/2011,6:01,107.34
24/06/2011,7:01,107.01
27/06/2011,8:01,106.9
28/06/2011,9:01,106.98
29/06/2011,10:01,107.17
30/06/2011,11:01,107.78
1/07/2011,12:01,107.95
4/07/2011,13:01,107.6
5/07/2011,14:01,106.91
6/07/2011,15:01,105.83
7/07/2011,16:01,105.44
8/07/2011,17:01,104.41
11/07/2011,18:01,100.45
12/07/2011,19:01,101.8
13/07/2011,20:01,101.97
14/07/2011,21:01,101.43
15/07/2011,22:01,100.56
18/07/2011,23:01,98.99
19/07/2011,0:01,100.81
20/07/2011,1:01,102.05
21/07/2011,2:01,104.03
22/07/2011,3:01,103.55
25/07/2011,4:01,101.62
26/07/2011,5:01,101.89
27/07/2011,6:01,100.98
28/07/2011,7:01,100.38
29/07/2011,8:01,99.98
1/08/2011,9:01,99.18
2/08/2011,10:01,98.1
3/08/2011,11:01,98.44
4/08/2011,12:01,97.31
5/08/2011,13:01,98.2
8/08/2011,14:01,103.94
9/08/2011,15:01,105
10/08/2011,16:01,105.7
11/08/2011,17:01,106.52
12/08/2011,18:01,106.64
15/08/2011,19:01,106.7
16/08/2011,20:01,106.95
17/08/2011,21:01,107.63
18/08/2011,22:01,107.47
19/08/2011,23:01,107.74
22/08/2011,0:01,107.5
23/08/2011,1:01,107.21
24/08/2011,2:01,106.89
25/08/2011,3:01,106.9
26/08/2011,4:01,106.874
29/08/2011,5:01,106.068
30/08/2011,6:01,105.284
31/08/2011,7:01,104.512
1/09/2011,8:01,103.89
2/09/2011,9:01,102.84
5/09/2011,10:01,101.04
6/09/2011,11:01,101.02
7/09/2011,12:01,102.65
8/09/2011,13:01,102.45
9/09/2011,14:01,101.5
12/09/2011,15:01,99.91
13/09/2011,16:01,99.22
14/09/2011,17:01,99.75
15/09/2011,18:01,99.77
16/09/2011,19:01,100.51
19/09/2011,20:01,99.85
20/09/2011,21:01,99
21/09/2011,22:01,98.54
22/09/2011,23:01,99.22
23/09/2011,0:01,99.31
26/09/2011,1:01,99.28
27/09/2011,2:01,99.79
28/09/2011,3:01,99.34
29/09/2011,4:01,100.01
30/09/2011,5:01,100.26
3/10/2011,6:01,100.32
4/10/2011,7:01,100.62
5/10/2011,8:01,100.53
6/10/2011,9:01,101.25
7/10/2011,10:01,101.03
10/10/2011,11:01,100.89
11/10/2011,12:01,100.62
12/10/2011,13:01,100
13/10/2011,14:01,99.33
14/10/2011,15:01,99.41
17/10/2011,16:01,99.47
18/10/2011,17:01,98.94
19/10/2011,18:01,98.83
20/10/2011,19:01,98.02
21/10/2011,20:01,98.72
24/10/2011,21:01,98.28
25/10/2011,22:01,98.39
26/10/2011,23:01,98.46
27/10/2011,0:01,98.97
28/10/2011,1:01,97.89
31/10/2011,2:01,97.13
1/11/2011,3:01,96.61
2/11/2011,4:01,96.6
3/11/2011,5:01,96.55
4/11/2011,6:01,95.2
7/11/2011,7:01,93.34
8/11/2011,8:01,92.69
9/11/2011,9:01,89.29
10/11/2011,10:01,91
11/11/2011,11:01,93.66
14/11/2011,12:01,92.15
15/11/2011,13:01,89.81
16/11/2011,14:01,90.3
17/11/2011,15:01,91.32
18/11/2011,16:01,92.74
21/11/2011,17:01,92.74
22/11/2011,18:01,91.59
23/11/2011,19:01,90.66
24/11/2011,20:01,90.03
25/11/2011,21:01,88.944
28/11/2011,22:01,88.646
29/11/2011,23:01,88.014
30/11/2011,0:01,88.736
1/12/2011,1:01,90.7
2/12/2011,2:01,90.64
5/12/2011,3:01,95.45
6/12/2011,4:01,96.04
7/12/2011,5:01,95.29
8/12/2011,6:01,92.54
9/12/2011,7:01,93.21
12/12/2011,8:01,91.95
13/12/2011,9:01,91.15
14/12/2011,10:01,90.32
15/12/2011,11:01,91.9
16/12/2011,12:01,91.75
19/12/2011,13:01,92.91
20/12/2011,14:01,94.45
21/12/2011,15:01,93.34
22/12/2011,16:01,92.83
23/12/2011,17:01,92.08
27/12/2011,18:01,92.1
28/12/2011,19:01,91.55
29/12/2011,20:01,91.41
30/12/2011,21:01,91.61
2/01/2012,22:01,92.38
3/01/2012,23:01,92.32
4/01/2012,0:01,92.02
5/01/2012,1:01,91.01
6/01/2012,2:01,90.76
9/01/2012,3:01,90.69
10/01/2012,4:01,90.85
11/01/2012,5:01,91.76
12/01/2012,6:01,94.38
13/01/2012,7:01,94.21
16/01/2012,8:01,94.46
17/01/2012,9:01,95.27
18/01/2012,10:01,95.99
19/01/2012,11:01,96.32
20/01/2012,12:01,97.12
23/01/2012,13:01,98.24
24/01/2012,14:01,98
25/01/2012,15:01,97.52
26/01/2012,16:01,98.87
27/01/2012,17:01,100.02
30/01/2012,18:01,98.7
31/01/2012,19:01,99.41
1/02/2012,20:01,101.84
2/02/2012,21:01,102.31
3/02/2012,22:01,101.63
6/02/2012,23:01,102.38
7/02/2012,0:01,102.49
8/02/2012,1:01,102.57
9/02/2012,2:01,103.48
10/02/2012,3:01,102.47
13/02/2012,4:01,102.66
14/02/2012,5:01,102.76
15/02/2012,6:01,101.62
16/02/2012,7:01,101.75
17/02/2012,8:01,102.73
20/02/2012,9:01,103.58
21/02/2012,10:01,103.89
22/02/2012,11:01,103.45
23/02/2012,12:01,103.31
24/02/2012,13:01,103.27
27/02/2012,14:01,102.93
28/02/2012,15:01,103.116
29/02/2012,16:01,103.806
1/03/2012,17:01,105.22
2/03/2012,18:01,105.58
5/03/2012,19:01,105.38
6/03/2012,20:01,104.27
7/03/2012,21:01,105.17
8/03/2012,22:01,106.58
9/03/2012,23:01,106.47
12/03/2012,0:01,105.85
13/03/2012,1:01,106.05
14/03/2012,2:01,106.5
15/03/2012,3:01,106.36
16/03/2012,4:01,106.41
19/03/2012,5:01,106.67
20/03/2012,6:01,106.14
21/03/2012,7:01,105.31
22/03/2012,8:01,104.7
23/03/2012,9:01,104.84
26/03/2012,10:01,105.27
27/03/2012,11:01,104.47
28/03/2012,12:01,104.63
29/03/2012,13:01,103.59
30/03/2012,14:01,104.57
2/04/2012,15:01,104.73
3/04/2012,16:01,104.39
4/04/2012,17:01,102.51
5/04/2012,18:01,102.26
10/04/2012,19:01,100.15
11/04/2012,20:01,101.48
12/04/2012,21:01,102.55
13/04/2012,22:01,101.4
16/04/2012,23:01,101.03
17/04/2012,0:01,101.89
18/04/2012,1:01,101.83
19/04/2012,2:01,101.06
20/04/2012,3:01,100.46
23/04/2012,4:01,100.01
24/04/2012,5:01,100.37
25/04/2012,6:01,100.78
26/04/2012,7:01,101
27/04/2012,8:01,100.8
30/04/2012,9:01,101.71
2/05/2012,10:01,101.63
3/05/2012,11:01,101.89
4/05/2012,12:01,102.29
7/05/2012,13:01,102.92
8/05/2012,14:01,102.47
9/05/2012,15:01,101.25
10/05/2012,16:01,102.13
11/05/2012,17:01,102.13
14/05/2012,18:01,100.73
15/05/2012,19:01,99.54
16/05/2012,20:01,99.88
17/05/2012,21:01,99.91
18/05/2012,22:01,100.31
21/05/2012,23:01,100.32
22/05/2012,0:01,101.92
23/05/2012,1:01,101.38
24/05/2012,2:01,102.03
25/05/2012,3:01,101.43
28/05/2012,4:01,100.588
29/05/2012,5:01,100.13
30/05/2012,6:01,98.506
31/05/2012,7:01,98.212
1/06/2012,8:01,99.45
4/06/2012,9:01,101.07
5/06/2012,10:01,101.2
6/06/2012,11:01,101.15
7/06/2012,12:01,101.02
8/06/2012,13:01,100.3
11/06/2012,14:01,98.54
12/06/2012,15:01,97.6
13/06/2012,16:01,97.22
14/06/2012,17:01,97.51
15/06/2012,18:01,99.18
18/06/2012,19:01,98.36
19/06/2012,20:01,99.46
20/06/2012,21:01,100.51
21/06/2012,22:01,100.66
22/06/2012,23:01,100.7
25/06/2012,0:01,98.9
26/06/2012,1:01,97.65
27/06/2012,2:01,97.69
28/06/2012,3:01,97.47
29/06/2012,4:01,100.46
2/07/2012,5:01,101.07
3/07/2012,6:01,101.73
4/07/2012,7:01,100.84
5/07/2012,8:01,99.26
6/07/2012,9:01,98.84
9/07/2012,10:01,98.25
10/07/2012,11:01,99.5
11/07/2012,12:01,100.59
12/07/2012,13:01,99.88
13/07/2012,14:01,98.88
16/07/2012,15:01,98.34
17/07/2012,16:01,98.84
18/07/2012,17:01,98.81
19/07/2012,18:01,99.34
20/07/2012,19:01,98.13
23/07/2012,20:01,96.92
24/07/2012,21:01,95.36
25/07/2012,22:01,96
26/07/2012,23:01,98.89
27/07/2012,0:01,99.76
30/07/2012,1:01,99.55
31/07/2012,2:01,98.97
1/08/2012,3:01,99.99
2/08/2012,4:01,97.83
3/08/2012,5:01,99.04
6/08/2012,6:01,99.65
7/08/2012,7:01,99.94
8/08/2012,8:01,100.55
9/08/2012,9:01,100.98
10/08/2012,10:01,100.42
13/08/2012,11:01,100.47
14/08/2012,12:01,100.89
15/08/2012,13:01,101.49
16/08/2012,14:01,101.32
17/08/2012,15:01,101.26
20/08/2012,16:01,101.49
21/08/2012,17:01,102.42
22/08/2012,18:01,102.43
23/08/2012,19:01,102.25
24/08/2012,20:01,101.6
27/08/2012,21:01,102.12
28/08/2012,22:01,100.888
29/08/2012,23:01,100.748
30/08/2012,0:01,100.242
31/08/2012,1:01,99.32
3/09/2012,2:01,99.54
4/09/2012,3:01,100.45
5/09/2012,4:01,101.61
6/09/2012,5:01,103.34
7/09/2012,6:01,105.25
10/09/2012,7:01,104.59
11/09/2012,8:01,105.22
12/09/2012,9:01,105.81
13/09/2012,10:01,105.86
14/09/2012,11:01,105.97
17/09/2012,12:01,105.24
18/09/2012,13:01,105.65
19/09/2012,14:01,106.66
20/09/2012,15:01,106.27
21/09/2012,16:01,105.76
24/09/2012,17:01,105.7
25/09/2012,18:01,105.29
26/09/2012,19:01,104.56
27/09/2012,20:01,105.17
28/09/2012,21:01,105.4
1/10/2012,22:01,105.66
2/10/2012,23:01,106.1
3/10/2012,0:01,105.98
4/10/2012,1:01,105.82
5/10/2012,2:01,106.47
8/10/2012,3:01,106.25
9/10/2012,4:01,106.03
10/10/2012,5:01,106.13
11/10/2012,6:01,106.77
12/10/2012,7:01,107.17
15/10/2012,8:01,107.08
16/10/2012,9:01,107.47
17/10/2012,10:01,108.88
18/10/2012,11:01,108.87
19/10/2012,12:01,108.86
22/10/2012,13:01,108.99
23/10/2012,14:01,108.16
24/10/2012,15:01,108.42
25/10/2012,16:01,108.29
26/10/2012,17:01,107.88
29/10/2012,18:01,107.06
30/10/2012,19:01,107.23
31/10/2012,20:01,107.56
1/11/2012,21:01,107.83
2/11/2012,22:01,107.65
5/11/2012,23:01,107.26
6/11/2012,0:01,108.11
7/11/2012,1:01,108.01
8/11/2012,2:01,107.21
9/11/2012,3:01,107.54
12/11/2012,4:01,107.19
13/11/2012,5:01,107.62
14/11/2012,6:01,107.7
15/11/2012,7:01,108.22
16/11/2012,8:01,108.48
19/11/2012,9:01,108.27
20/11/2012,10:01,108.47
21/11/2012,11:01,108.79
22/11/2012,12:01,109.26
23/11/2012,13:01,109.55
26/11/2012,14:01,109.55
27/11/2012,15:01,109.5
28/11/2012,16:01,110.41
29/11/2012,17:01,110.324
30/11/2012,18:01,110.588
3/12/2012,19:01,110.74
4/12/2012,20:01,110.98
5/12/2012,21:01,110.7
6/12/2012,22:01,109.97
7/12/2012,23:01,110.07
10/12/2012,0:01,107.89
11/12/2012,1:01,108.46
12/12/2012,2:01,109.2
13/12/2012,3:01,109.31
14/12/2012,4:01,109.72
17/12/2012,5:01,109.93
18/12/2012,6:01,110.9
19/12/2012,7:01,111.52
20/12/2012,8:01,111.27
21/12/2012,9:01,110.88
27/12/2012,10:01,110.39
28/12/2012,11:01,110.68
2/01/2013,12:01,112.63
3/01/2013,13:01,112.88
4/01/2013,14:01,112.71
7/01/2013,15:01,112.07
8/01/2013,16:01,112.59
9/01/2013,17:01,112.73
10/01/2013,18:01,113.61
11/01/2013,19:01,114.09
14/01/2013,20:01,113.51
15/01/2013,21:01,113.36
16/01/2013,22:01,113.48
17/01/2013,23:01,113.62
18/01/2013,0:01,113.8
21/01/2013,1:01,113.3
22/01/2013,2:01,113.49
23/01/2013,3:01,113.58
24/01/2013,4:01,113.98
25/01/2013,5:01,114.14
28/01/2013,6:01,113.58
29/01/2013,7:01,113.86
30/01/2013,8:01,112.95
31/01/2013,9:01,112.86
1/02/2013,10:01,112.57
4/02/2013,11:01,111.33
5/02/2013,12:01,111.45
6/02/2013,13:01,110.81
7/02/2013,14:01,110.61
8/02/2013,15:01,110.67
11/02/2013,16:01,110.32
12/02/2013,17:01,111.23
13/02/2013,18:01,112.26
14/02/2013,19:01,112.2
15/02/2013,20:01,112.4
18/02/2013,21:01,112.06
19/02/2013,22:01,112.15
20/02/2013,23:01,112.05
21/02/2013,0:01,111.54
22/02/2013,1:01,111.82
25/02/2013,2:01,112.224
26/02/2013,3:01,107.666
27/02/2013,4:01,108.008
28/02/2013,5:01,108.392
1/03/2013,6:01,107.68
4/03/2013,7:01,106.99
5/03/2013,8:01,108.1
6/03/2013,9:01,108.72
7/03/2013,10:01,109.21
8/03/2013,11:01,109.37
11/03/2013,12:01,108.94
12/03/2013,13:01,109.31
13/03/2013,14:01,108.74
14/03/2013,15:01,109.06
15/03/2013,16:01,109.37
18/03/2013,17:01,109.17
19/03/2013,18:01,108.51
20/03/2013,19:01,109.1
21/03/2013,20:01,109.62
22/03/2013,21:01,110.12
25/03/2013,22:01,109.74
26/03/2013,23:01,109.66
27/03/2013,0:01,108.29
28/03/2013,1:01,108.51
2/04/2013,2:01,109.27
3/04/2013,3:01,109.69
4/04/2013,4:01,109.87
5/04/2013,5:01,111.23
8/04/2013,6:01,111.91
9/04/2013,7:01,111.65
10/04/2013,8:01,112.11
11/04/2013,9:01,111.97
12/04/2013,10:01,111.94
15/04/2013,11:01,111.89
16/04/2013,12:01,112.18
17/04/2013,13:01,112.7
18/04/2013,14:01,112.74
19/04/2013,15:01,113
22/04/2013,16:01,114.14
23/04/2013,17:01,115.15
24/04/2013,18:01,114.95
25/04/2013,19:01,114.43
26/04/2013,20:01,114.41
29/04/2013,21:01,115.72
30/04/2013,22:01,115.95
2/05/2013,23:01,116.87
3/05/2013,0:01,116.64
6/05/2013,1:01,116.13
7/05/2013,2:01,116.61
8/05/2013,3:01,116.81
9/05/2013,4:01,116.51
10/05/2013,5:01,116.36
13/05/2013,6:01,115.79
14/05/2013,7:01,115.51
15/05/2013,8:01,115.11
16/05/2013,9:01,115.78
17/05/2013,10:01,116.47
20/05/2013,11:01,116.53
21/05/2013,12:01,116.2
22/05/2013,13:01,116.38
23/05/2013,14:01,115.39
24/05/2013,15:01,114.15
27/05/2013,16:01,115.19
28/05/2013,17:01,114.922
29/05/2013,18:01,113.658
30/05/2013,19:01,114.056
31/05/2013,20:01,113.38
3/06/2013,21:01,113.03
4/06/2013,22:01,113.48
5/06/2013,23:01,113.37
6/06/2013,0:01,111.65
7/06/2013,1:01,112.65
10/06/2013,2:01,112.05
11/06/2013,3:01,111.34
12/06/2013,4:01,111.37
13/06/2013,5:01,111.4
14/06/2013,6:01,112.02
17/06/2013,7:01,112.2
18/06/2013,8:01,112.03
19/06/2013,9:01,112.3
20/06/2013,10:01,109.52
21/06/2013,11:01,109.32
24/06/2013,12:01,107.51
25/06/2013,13:01,106.86
26/06/2013,14:01,108.35
27/06/2013,15:01,109.41
28/06/2013,16:01,109.67
1/07/2013,17:01,110.22
2/07/2013,18:01,110.74
3/07/2013,19:01,109.74
4/07/2013,20:01,110.58
5/07/2013,21:01,110.62
8/07/2013,22:01,110.99
9/07/2013,23:01,110.86
10/07/2013,0:01,110.46
11/07/2013,1:01,110.11
12/07/2013,2:01,110.2
15/07/2013,3:01,110.38
16/07/2013,4:01,110.33
17/07/2013,5:01,110.2
18/07/2013,6:01,110.81
19/07/2013,7:01,111.09
22/07/2013,8:01,111.76
23/07/2013,9:01,111.61
24/07/2013,10:01,111.61
25/07/2013,11:01,111.42
26/07/2013,12:01,111.32
29/07/2013,13:01,110.92
30/07/2013,14:01,111.32
31/07/2013,15:01,111.27
1/08/2013,16:01,111.71
2/08/2013,17:01,112.4
5/08/2013,18:01,112.38
6/08/2013,19:01,112.65
7/08/2013,20:01,112.6
8/08/2013,21:01,113.16
9/08/2013,22:01,113.23
12/08/2013,23:01,113.42
13/08/2013,0:01,113.1
14/08/2013,1:01,113.35
15/08/2013,2:01,112.79
16/08/2013,3:01,113.22
19/08/2013,4:01,112.49
20/08/2013,5:01,112.2
21/08/2013,6:01,111.89
22/08/2013,7:01,112.23
23/08/2013,8:01,112.14
26/08/2013,9:01,111.72
27/08/2013,10:01,110.922
28/08/2013,11:01,111.034
29/08/2013,12:01,110.92
30/08/2013,13:01,110.562
2/09/2013,14:01,110.52
3/09/2013,15:01,110.59
4/09/2013,16:01,110.08
5/09/2013,17:01,109.22
6/09/2013,18:01,109.38
9/09/2013,19:01,109.21
10/09/2013,20:01,109.02
11/09/2013,21:01,109.28
12/09/2013,22:01,109.27
13/09/2013,23:01,108.98
16/09/2013,0:01,109.7
17/09/2013,1:01,110.23
18/09/2013,2:01,110.44
19/09/2013,3:01,111.28
20/09/2013,4:01,111.33
23/09/2013,5:01,111.54
24/09/2013,6:01,111.85
25/09/2013,7:01,111.89
26/09/2013,8:01,111.04
27/09/2013,9:01,110.45
30/09/2013,10:01,110.38
1/10/2013,11:01,111.22
2/10/2013,12:01,112.15
3/10/2013,13:01,112.09
4/10/2013,14:01,112.65
7/10/2013,15:01,112.92
8/10/2013,16:01,112.46
9/10/2013,17:01,112.32
10/10/2013,18:01,112.6
11/10/2013,19:01,113.01
14/10/2013,20:01,113.22
15/10/2013,21:01,113.36
16/10/2013,22:01,113.41
17/10/2013,23:01,113.72
18/10/2013,0:01,114.1
21/10/2013,1:01,114
22/10/2013,2:01,114.59
23/10/2013,3:01,114.68
24/10/2013,4:01,114.49
25/10/2013,5:01,113.98
28/10/2013,6:01,114.11
29/10/2013,7:01,114.63
30/10/2013,8:01,114.39
31/10/2013,9:01,114.93
1/11/2013,10:01,115.05
4/11/2013,11:01,115.13
5/11/2013,12:01,114.61
6/11/2013,13:01,114.58
7/11/2013,14:01,115.37
8/11/2013,15:01,114.95
11/11/2013,16:01,115.09
12/11/2013,17:01,114.96
13/11/2013,18:01,115.25
14/11/2013,19:01,115.7
15/11/2013,20:01,115.47
18/11/2013,21:01,115.74
19/11/2013,22:01,115.67
20/11/2013,23:01,115.61
21/11/2013,0:01,115.54
22/11/2013,1:01,115.64
25/11/2013,2:01,115.63
26/11/2013,3:01,115.732
27/11/2013,4:01,115.466
28/11/2013,5:01,115.316
29/11/2013,6:01,115.018
2/12/2013,7:01,114.5
3/12/2013,8:01,114.45
4/12/2013,9:01,113.96
5/12/2013,10:01,113.06
6/12/2013,11:01,113.5
9/12/2013,12:01,113.97
10/12/2013,13:01,114.69
11/12/2013,14:01,114.8
12/12/2013,15:01,114.39
13/12/2013,16:01,114.55
16/12/2013,17:01,114.9
17/12/2013,18:01,114.9
18/12/2013,19:01,114.69
19/12/2013,20:01,114.72
20/12/2013,21:01,114.46
23/12/2013,22:01,113.95
24/12/2013,23:01,113.95
27/12/2013,0:01,113.87
30/12/2013,1:01,114.82
2/01/2014,2:01,115.81
3/01/2014,3:01,116.05
6/01/2014,4:01,116.13
7/01/2014,5:01,116.68
8/01/2014,6:01,116.61
9/01/2014,7:01,116.41
10/01/2014,8:01,116.25
13/01/2014,9:01,116.45
14/01/2014,10:01,116.57
15/01/2014,11:01,116.75
16/01/2014,12:01,116.91
17/01/2014,13:01,117.17
20/01/2014,14:01,117.38
21/01/2014,15:01,117.11
22/01/2014,16:01,117.06
23/01/2014,17:01,116.8
24/01/2014,18:01,116.42
27/01/2014,19:01,116.43
28/01/2014,20:01,116.9
29/01/2014,21:01,116.86
30/01/2014,22:01,117.14
31/01/2014,23:01,117.67
3/02/2014,0:01,117.65
4/02/2014,1:01,117.61
5/02/2014,2:01,117.86
6/02/2014,3:01,117.88
7/02/2014,4:01,118.47
10/02/2014,5:01,118.48
11/02/2014,6:01,118.44
12/02/2014,7:01,118.12
13/02/2014,8:01,118.29
14/02/2014,9:01,118.56
17/02/2014,10:01,119.05
18/02/2014,11:01,119.53
19/02/2014,12:01,119.34
20/02/2014,13:01,118.82
21/02/2014,14:01,119.24
24/02/2014,15:01,119.14
25/02/2014,16:01,119.186
26/02/2014,17:01,119.414
27/02/2014,18:01,119.904
28/02/2014,19:01,119.774
3/03/2014,20:01,119.84
4/03/2014,21:01,120.4
5/03/2014,22:01,120.81
6/03/2014,23:01,119.92
7/03/2014,0:01,120.31
10/03/2014,1:01,120.8
11/03/2014,2:01,120.55
12/03/2014,3:01,120.42
13/03/2014,4:01,120.47
14/03/2014,5:01,120.52
17/03/2014,6:01,120.85
18/03/2014,7:01,120.95
19/03/2014,8:01,120.8
20/03/2014,9:01,120.38
21/03/2014,10:01,120.58
24/03/2014,11:01,120.47
25/03/2014,12:01,120.74
26/03/2014,13:01,121.27
27/03/2014,14:01,121.7
28/03/2014,15:01,121.65
31/03/2014,16:01,121.71
1/04/2014,17:01,121.78
2/04/2014,18:01,121.61
3/04/2014,19:01,122.05
4/04/2014,20:01,122.91
7/04/2014,21:01,122.78
8/04/2014,22:01,122.48
9/04/2014,23:01,122.75
10/04/2014,0:01,123.07
11/04/2014,1:01,122.6
14/04/2014,2:01,122.95
15/04/2014,3:01,123.53
16/04/2014,4:01,123.7
17/04/2014,5:01,123.5
22/04/2014,6:01,123.74
23/04/2014,7:01,123.87
24/04/2014,8:01,123.54
25/04/2014,9:01,123.58
28/04/2014,10:01,123.41
29/04/2014,11:01,123.66
30/04/2014,12:01,124
2/05/2014,13:01,124.26
5/05/2014,14:01,124.31
6/05/2014,15:01,124.66
7/05/2014,16:01,124.57
8/05/2014,17:01,125.32
9/05/2014,18:01,125.19
12/05/2014,19:01,125
13/05/2014,20:01,125.32
14/05/2014,21:01,125.5
15/05/2014,22:01,124.04
16/05/2014,23:01,124.06
19/05/2014,0:01,123.31
20/05/2014,1:01,122.45
21/05/2014,2:01,122.87
22/05/2014,3:01,122.58
23/05/2014,4:01,123.37
26/05/2014,5:01,124.89
27/05/2014,6:01,124.492
28/05/2014,7:01,124.848
29/05/2014,8:01,124.326
30/05/2014,9:01,124.026
2/06/2014,10:01,123.73
3/06/2014,11:01,123.49
4/06/2014,12:01,123.32
5/06/2014,13:01,124.04
6/06/2014,14:01,125.79
9/06/2014,15:01,126.26
10/06/2014,16:01,125.59
11/06/2014,17:01,125.54
12/06/2014,18:01,125.23
13/06/2014,19:01,125.66
16/06/2014,20:01,125.61
17/06/2014,21:01,125.12
18/06/2014,22:01,124.94
19/06/2014,23:01,125.52
20/06/2014,0:01,125.14
23/06/2014,1:01,125.58
24/06/2014,2:01,125.85
25/06/2014,3:01,126.2
26/06/2014,4:01,126.33
27/06/2014,5:01,126.34
30/06/2014,6:01,126.18
1/07/2014,7:01,126.33
2/07/2014,8:01,125.66
3/07/2014,9:01,126.09
4/07/2014,10:01,126.53
7/07/2014,11:01,126.58
8/07/2014,12:01,126.37
9/07/2014,13:01,125.97
10/07/2014,14:01,125.38
11/07/2014,15:01,125.84
14/07/2014,16:01,125.97
15/07/2014,17:01,126.19
16/07/2014,18:01,126.54
17/07/2014,19:01,126.77
18/07/2014,20:01,126.63
21/07/2014,21:01,126.93
22/07/2014,22:01,126.86
23/07/2014,23:01,127.26
24/07/2014,0:01,127.27
25/07/2014,1:01,127.42
28/07/2014,2:01,127.9
29/07/2014,3:01,128.16
30/07/2014,4:01,127.94
31/07/2014,5:01,127.76
1/08/2014,6:01,127.17
4/08/2014,7:01,127.68
5/08/2014,8:01,127.1
6/08/2014,9:01,126.71
7/08/2014,10:01,126.28
8/08/2014,11:01,126.46
11/08/2014,12:01,126.89
12/08/2014,13:01,127.57
13/08/2014,14:01,127.62
14/08/2014,15:01,128.33
15/08/2014,16:01,128.89
18/08/2014,17:01,128.51
19/08/2014,18:01,128.93
20/08/2014,19:01,128.91
21/08/2014,20:01,129.09
22/08/2014,21:01,129.04
25/08/2014,22:01,130.23
26/08/2014,23:01,130.306
27/08/2014,0:01,130.618
28/08/2014,1:01,129.664
29/08/2014,2:01,129.552
1/09/2014,3:01,129.47
2/09/2014,4:01,129.16
3/09/2014,5:01,129.04
4/09/2014,6:01,130.1
5/09/2014,7:01,131.08
8/09/2014,8:01,130.69
9/09/2014,9:01,129.91
10/09/2014,10:01,129.54
11/09/2014,11:01,129.22
12/09/2014,12:01,129.14
15/09/2014,13:01,129.25
16/09/2014,14:01,129.1
17/09/2014,15:01,129.56
18/09/2014,16:01,129.43
19/09/2014,17:01,130.22
22/09/2014,18:01,130.14
23/09/2014,19:01,129.99
24/09/2014,20:01,130.35
25/09/2014,21:01,130.51
26/09/2014,22:01,130.17
29/09/2014,23:01,129.92
30/09/2014,0:01,130.48
1/10/2014,1:01,131.13
2/10/2014,2:01,130.6
3/10/2014,3:01,130.72
6/10/2014,4:01,130.58
7/10/2014,5:01,130.4
8/10/2014,6:01,130.5
9/10/2014,7:01,130.92
10/10/2014,8:01,130.68
13/10/2014,9:01,130.62
14/10/2014,10:01,130.88
15/10/2014,11:01,130.12
16/10/2014,12:01,128.25
17/10/2014,13:01,129.06
20/10/2014,14:01,128.18
21/10/2014,15:01,128.68
22/10/2014,16:01,128.93
23/10/2014,17:01,129.01
24/10/2014,18:01,128.98
27/10/2014,19:01,128.76
28/10/2014,20:01,128.79
29/10/2014,21:01,129.11
30/10/2014,22:01,129.32
31/10/2014,23:01,130.32
3/11/2014,0:01,130.06
4/11/2014,1:01,130.08
5/11/2014,2:01,129.89
6/11/2014,3:01,130.47
7/11/2014,4:01,130.29
10/11/2014,5:01,130.61
11/11/2014,6:01,130.88
12/11/2014,7:01,130.53
13/11/2014,8:01,130.49
14/11/2014,9:01,130.66
17/11/2014,10:01,131.23
18/11/2014,11:01,131.08
19/11/2014,12:01,131.05
20/11/2014,13:01,131.36
21/11/2014,14:01,132.39
24/11/2014,15:01,132.66
25/11/2014,16:01,133.014
26/11/2014,17:01,132.686
27/11/2014,18:01,133.548
28/11/2014,19:01,133.812
1/12/2014,20:01,134.03
2/12/2014,21:01,134.03
3/12/2014,22:01,134.36
4/12/2014,23:01,133.92
5/12/2014,0:01,134.78
8/12/2014,1:01,134.72
9/12/2014,2:01,133.96
10/12/2014,3:01,133.6
11/12/2014,4:01,133.62
12/12/2014,5:01,133.56
15/12/2014,6:01,134.09
16/12/2014,7:01,133.89
17/12/2014,8:01,134.2
18/12/2014,9:01,134.25
19/12/2014,10:01,134.49
22/12/2014,11:01,134.8
23/12/2014,12:01,134.86
24/12/2014,13:01,134.86
29/12/2014,14:01,134.56
30/12/2014,15:01,135.6
31/12/2014,16:01,135.6
2/01/2015,17:01,136.83
5/01/2015,18:01,135.85
6/01/2015,19:01,135.72
7/01/2015,20:01,134.83
8/01/2015,21:01,135.7
9/01/2015,22:01,135.07
12/01/2015,23:01,135.96
13/01/2015,0:01,136.14
14/01/2015,1:01,136.65
15/01/2015,2:01,136.75
16/01/2015,3:01,137.36
19/01/2015,4:01,137.31
20/01/2015,5:01,137.19
21/01/2015,6:01,137.05
22/01/2015,7:01,138.44
23/01/2015,8:01,138.97
26/01/2015,9:01,139.41
27/01/2015,10:01,138.85
28/01/2015,11:01,138.15
29/01/2015,12:01,138.09
30/01/2015,13:01,138.19
2/02/2015,14:01,138.13
3/02/2015,15:01,138.41
4/02/2015,16:01,138.99
5/02/2015,17:01,138.85
6/02/2015,18:01,138.53
9/02/2015,19:01,137.8
10/02/2015,20:01,137.45
11/02/2015,21:01,137.58
12/02/2015,22:01,137.81
13/02/2015,23:01,138.18
16/02/2015,0:01,137.92
17/02/2015,1:01,137.73
18/02/2015,2:01,137.95
19/02/2015,3:01,138.28
20/02/2015,4:01,138.63
23/02/2015,5:01,139.43
24/02/2015,6:01,139.428
25/02/2015,7:01,139.09
26/02/2015,8:01,139.968
27/02/2015,9:01,139.634
2/03/2015,10:01,139.29
3/03/2015,11:01,138.79
4/03/2015,12:01,138.76
5/03/2015,13:01,139.57
6/03/2015,14:01,139.69
9/03/2015,15:01,139.89
10/03/2015,16:01,140.62
11/03/2015,17:01,141.65
12/03/2015,18:01,141.64
13/03/2015,19:01,141.49
16/03/2015,20:01,141.5
17/03/2015,21:01,140.42
18/03/2015,22:01,139.72
19/03/2015,23:01,140.7
20/03/2015,0:01,141.13
23/03/2015,1:01,140.08
24/03/2015,2:01,139.69
25/03/2015,3:01,139.63
26/03/2015,4:01,139.63
27/03/2015,5:01,139.53
30/03/2015,6:01,139.88
31/03/2015,7:01,140.58
1/04/2015,8:01,140.75
2/04/2015,9:01,140.38
7/04/2015,10:01,141.12
8/04/2015,11:01,140.96
9/04/2015,12:01,140.63
10/04/2015,13:01,140.9
13/04/2015,14:01,140.67
14/04/2015,15:01,140.37
15/04/2015,16:01,140.75
16/04/2015,17:01,139.62
17/04/2015,18:01,138.64
20/04/2015,19:01,138.44
21/04/2015,20:01,138.37
22/04/2015,21:01,139.15
23/04/2015,22:01,139.21
24/04/2015,23:01,138.92
27/04/2015,0:01,139.59
28/04/2015,1:01,139.7
29/04/2015,2:01,138.4
30/04/2015,3:01,138.38
4/05/2015,4:01,137.91
5/05/2015,5:01,134.69
6/05/2015,6:01,133.66
7/05/2015,7:01,135.23
8/05/2015,8:01,135.94
11/05/2015,9:01,135.2
12/05/2015,10:01,134.23
13/05/2015,11:01,134.07
14/05/2015,12:01,134.63
15/05/2015,13:01,135.51
18/05/2015,14:01,134.2
19/05/2015,15:01,135.01
20/05/2015,16:01,134.77
21/05/2015,17:01,134.84
22/05/2015,18:01,135.06
25/05/2015,19:01,135.06
26/05/2015,20:01,134.14
27/05/2015,21:01,134.998
28/05/2015,22:01,134.96
29/05/2015,23:01,134.9
1/06/2015,0:01,133.96
2/06/2015,1:01,132.19
3/06/2015,2:01,131.79
4/06/2015,3:01,132
5/06/2015,4:01,130.83
8/06/2015,5:01,130.68
9/06/2015,6:01,130.34
10/06/2015,7:01,130.12
11/06/2015,8:01,131.85
12/06/2015,9:01,130.5
15/06/2015,10:01,129.02
16/06/2015,11:01,129.38
17/06/2015,12:01,129.68
18/06/2015,13:01,129.95
19/06/2015,14:01,129.78
22/06/2015,15:01,131.7
23/06/2015,16:01,131.89
24/06/2015,17:01,131.71
25/06/2015,18:01,131.8
26/06/2015,19:01,131.86
29/06/2015,20:01,129.4
30/06/2015,21:01,130.21
1/07/2015,22:01,130.47
2/07/2015,23:01,129.91
3/07/2015,0:01,130.7
6/07/2015,1:01,129.69
7/07/2015,2:01,130.53
8/07/2015,3:01,131.28
9/07/2015,4:01,131.91
10/07/2015,5:01,132.23
13/07/2015,6:01,132.61
14/07/2015,7:01,133.03
15/07/2015,8:01,133.67
16/07/2015,9:01,134.1
17/07/2015,10:01,134.81
20/07/2015,11:01,135.1
21/07/2015,12:01,134.33
22/07/2015,13:01,134.77
23/07/2015,14:01,135.15
24/07/2015,15:01,135.51
27/07/2015,16:01,135.22
28/07/2015,17:01,135.37
29/07/2015,18:01,135.16
30/07/2015,19:01,136.07
31/07/2015,20:01,136.7
3/08/2015,21:01,136.45
4/08/2015,22:01,136.48
5/08/2015,23:01,135.36
6/08/2015,0:01,135.57
7/08/2015,1:01,136.04
10/08/2015,2:01,136.14
11/08/2015,3:01,136.95
12/08/2015,4:01,136.66
13/08/2015,5:01,136.67
14/08/2015,6:01,136.4
17/08/2015,7:01,137.03
18/08/2015,8:01,136.46
19/08/2015,9:01,136.3
20/08/2015,10:01,136.23
21/08/2015,11:01,135.84
24/08/2015,12:01,135.4
25/08/2015,13:01,134.62
26/08/2015,14:01,134.376
27/08/2015,15:01,134.55
28/08/2015,16:01,134.466
31/08/2015,17:01,133.842
1/09/2015,18:01,132.89
2/09/2015,19:01,132.81
3/09/2015,20:01,133.68
4/09/2015,21:01,134.18
7/09/2015,22:01,134.04
8/09/2015,23:01,134.64
9/09/2015,0:01,134.61
10/09/2015,1:01,134.55
11/09/2015,2:01,134.82
14/09/2015,3:01,134.6
15/09/2015,4:01,134.23
16/09/2015,5:01,133.85
17/09/2015,6:01,134
18/09/2015,7:01,135.54
21/09/2015,8:01,135.27
22/09/2015,9:01,135.88
23/09/2015,10:01,135.97
24/09/2015,11:01,136.06
25/09/2015,12:01,135.48
28/09/2015,13:01,135.78
29/09/2015,14:01,136.17
30/09/2015,15:01,136.29
1/10/2015,16:01,136.71
2/10/2015,17:01,137.17
5/10/2015,18:01,136.93
6/10/2015,19:01,136.61
7/10/2015,20:01,136.45
8/10/2015,21:01,136.69
9/10/2015,22:01,136.53
12/10/2015,23:01,136.79
13/10/2015,0:01,136.88
14/10/2015,1:01,137.31
15/10/2015,2:01,137.16
16/10/2015,3:01,137.62
19/10/2015,4:01,137.63
20/10/2015,5:01,136.95
21/10/2015,6:01,137.55
22/10/2015,7:01,138.94
23/10/2015,8:01,138.75
26/10/2015,9:01,138.92
27/10/2015,10:01,139.46
28/10/2015,11:01,139.86
29/10/2015,12:01,138.94
30/10/2015,13:01,138.94
2/11/2015,14:01,138.2
3/11/2015,15:01,138.21
4/11/2015,16:01,138.08
5/11/2015,17:01,137.78
6/11/2015,18:01,137
9/11/2015,19:01,136.99
10/11/2015,20:01,137.78
11/11/2015,21:01,138.42
12/11/2015,22:01,138.68
13/11/2015,23:01,139.05
16/11/2015,0:01,139.07
17/11/2015,1:01,139.28
18/11/2015,2:01,139.78
19/11/2015,3:01,139.91
20/11/2015,4:01,140.02
23/11/2015,5:01,139.61
24/11/2015,6:01,140.04
25/11/2015,7:01,140.474
26/11/2015,8:01,140.192
27/11/2015,9:01,140.298
30/11/2015,10:01,139.644
1/12/2015,11:01,139.45
2/12/2015,12:01,139.76
3/12/2015,13:01,137.12
4/12/2015,14:01,136.91
7/12/2015,15:01,137.8
8/12/2015,16:01,137.94
9/12/2015,17:01,137.66
10/12/2015,18:01,137.95
11/12/2015,19:01,138.18
14/12/2015,20:01,137.33
15/12/2015,21:01,136.45
16/12/2015,22:01,136.5
17/12/2015,23:01,137.28
18/12/2015,0:01,137.89
21/12/2015,1:01,137.6
22/12/2015,2:01,137.05
23/12/2015,3:01,136.81
24/12/2015,4:01,136.81
28/12/2015,5:01,137.63
29/12/2015,6:01,137.26
30/12/2015,7:01,137.92
31/12/2015,8:01,137.92
4/01/2016,9:01,138.28
5/01/2016,10:01,138.73
6/01/2016,11:01,139.01
7/01/2016,12:01,138.18
8/01/2016,13:01,138.53
11/01/2016,14:01,137.96
12/01/2016,15:01,137.69
13/01/2016,16:01,138.17
14/01/2016,17:01,138.01
15/01/2016,18:01,138.36
18/01/2016,19:01,138.17
19/01/2016,20:01,138.25
20/01/2016,21:01,137.27
21/01/2016,22:01,138.39
22/01/2016,23:01,138.17
25/01/2016,0:01,138.25
26/01/2016,1:01,138.96
27/01/2016,2:01,139.07
28/01/2016,3:01,139.14
29/01/2016,4:01,139.94
1/02/2016,5:01,139.37
2/02/2016,6:01,139.2
3/02/2016,7:01,139.45
4/02/2016,8:01,138.88
5/02/2016,9:01,138.48
8/02/2016,10:01,136.75
9/02/2016,11:01,136.87
10/02/2016,12:01,137.48
11/02/2016,13:01,136.88
12/02/2016,14:01,137.38
15/02/2016,15:01,137.76
16/02/2016,16:01,137.54
17/02/2016,17:01,137.73
18/02/2016,18:01,138.36
19/02/2016,19:01,138.26
22/02/2016,20:01,138.82
23/02/2016,21:01,138.57
24/02/2016,22:01,138.342
25/02/2016,23:01,138.134
26/02/2016,0:01,138.206
29/02/2016,1:01,138.828
1/03/2016,2:01,138.62
2/03/2016,3:01,138.07
3/03/2016,4:01,138.31
4/03/2016,5:01,137.82
7/03/2016,6:01,137.98
8/03/2016,7:01,138.42
9/03/2016,8:01,138.41
10/03/2016,9:01,138.36
11/03/2016,10:01,139.46
14/03/2016,11:01,139.73
15/03/2016,12:01,138.94
16/03/2016,13:01,139.42
17/03/2016,14:01,139.98
18/03/2016,15:01,139.94
21/03/2016,16:01,140.12
22/03/2016,17:01,140.07
23/03/2016,18:01,139.76
24/03/2016,19:01,139.73
29/03/2016,20:01,140.38
30/03/2016,21:01,140.64
31/03/2016,22:01,140.62
1/04/2016,23:01,140.64
4/04/2016,0:01,140.31
5/04/2016,1:01,140.09
6/04/2016,2:01,139.86
7/04/2016,3:01,138.66
8/04/2016,4:01,139.52
11/04/2016,5:01,139.25
12/04/2016,6:01,138.93
13/04/2016,7:01,139.62
14/04/2016,8:01,139.12
15/04/2016,9:01,139.29
18/04/2016,10:01,139.2
19/04/2016,11:01,138.72
20/04/2016,12:01,138.78
21/04/2016,13:01,138.17
22/04/2016,14:01,137.97
25/04/2016,15:01,137.43
26/04/2016,16:01,137.44
27/04/2016,17:01,137.69
28/04/2016,18:01,138.3
29/04/2016,19:01,137.95
2/05/2016,20:01,138.07
3/05/2016,21:01,138.21
4/05/2016,22:01,138.04
5/05/2016,23:01,137.83
6/05/2016,0:01,138.03
9/05/2016,1:01,138.1
10/05/2016,2:01,138.34
11/05/2016,3:01,138.41
12/05/2016,4:01,137.96
13/05/2016,5:01,138.26
16/05/2016,6:01,138.11
17/05/2016,7:01,138.52
18/05/2016,8:01,138.29
19/05/2016,9:01,138.13
20/05/2016,10:01,138.3
23/05/2016,11:01,138.26
24/05/2016,12:01,138.84
25/05/2016,13:01,139.65
26/05/2016,14:01,139.884
27/05/2016,15:01,140.188
30/05/2016,16:01,140.52
31/05/2016,17:01,140.772
1/06/2016,18:01,140.86
2/06/2016,19:01,140.94
3/06/2016,20:01,141.45
6/06/2016,21:01,140.8
7/06/2016,22:01,141.36
8/06/2016,23:01,141.71
9/06/2016,0:01,141.9
10/06/2016,1:01,141.85
13/06/2016,2:01,141.04
14/06/2016,3:01,140.34
15/06/2016,4:01,140.54
16/06/2016,5:01,139.82
17/06/2016,6:01,140.23
20/06/2016,7:01,141.22
21/06/2016,8:01,141.13
22/06/2016,9:01,141.28
23/06/2016,10:01,141.68
24/06/2016,11:01,139.73
27/06/2016,12:01,140.28
28/06/2016,13:01,141.67
29/06/2016,14:01,142.03
30/06/2016,15:01,142.61
1/07/2016,16:01,144.01
4/07/2016,17:01,143.73
5/07/2016,18:01,143.63
6/07/2016,19:01,143.83
7/07/2016,20:01,143.66
8/07/2016,21:01,144.45
11/07/2016,22:01,144.14
12/07/2016,23:01,143.96
13/07/2016,0:01,144.23
14/07/2016,1:01,144.01
15/07/2016,2:01,143.59
18/07/2016,3:01,143.6
19/07/2016,4:01,143.84
20/07/2016,5:01,143.88
21/07/2016,6:01,143.81
22/07/2016,7:01,143.85
25/07/2016,8:01,144.02
26/07/2016,9:01,143.76
27/07/2016,10:01,144.25
28/07/2016,11:01,144.46
29/07/2016,12:01,144.86
1/08/2016,13:01,144.68
2/08/2016,14:01,144.19
3/08/2016,15:01,144.15
4/08/2016,16:01,145.08
5/08/2016,17:01,145.16
8/08/2016,18:01,145.26
9/08/2016,19:01,145.58
10/08/2016,20:01,145.92
11/08/2016,21:01,146.22
12/08/2016,22:01,146.23
15/08/2016,23:01,146.12
16/08/2016,0:01,145.36
17/08/2016,1:01,145.52
18/08/2016,2:01,145.95
19/08/2016,3:01,145.43
22/08/2016,4:01,145.63
23/08/2016,5:01,145.41
24/08/2016,6:01,145.44
25/08/2016,7:01,145.51
26/08/2016,8:01,145.45
29/08/2016,9:01,145.024
30/08/2016,10:01,144.724
31/08/2016,11:01,144.004
1/09/2016,12:01,143.09
2/09/2016,13:01,143.15
5/09/2016,14:01,143.45
6/09/2016,15:01,144.18
7/09/2016,16:01,144.39
8/09/2016,17:01,143.44
9/09/2016,18:01,142.27
12/09/2016,19:01,142.01
13/09/2016,20:01,141.93
14/09/2016,21:01,141.8
15/09/2016,22:01,141.32
16/09/2016,23:01,141.35
19/09/2016,0:01,141.55
20/09/2016,1:01,142.21
21/09/2016,2:01,141.87
22/09/2016,3:01,143.11
23/09/2016,4:01,142.82
26/09/2016,5:01,143.09
27/09/2016,6:01,142.78
28/09/2016,7:01,143.18
29/09/2016,8:01,142.77
30/09/2016,9:01,143.09
3/10/2016,10:01,142.59
4/10/2016,11:01,142.3
5/10/2016,12:01,141.12
6/10/2016,13:01,141.18
7/10/2016,14:01,140.92
10/10/2016,15:01,140.81
11/10/2016,16:01,140.9
12/10/2016,17:01,140.56
13/10/2016,18:01,140.98
14/10/2016,19:01,141.02
17/10/2016,20:01,140.74
18/10/2016,21:01,140.92
19/10/2016,22:01,140.97
20/10/2016,23:01,141.16
21/10/2016,0:01,141.19
24/10/2016,1:01,141.08
25/10/2016,2:01,141.12
26/10/2016,3:01,140.09
27/10/2016,4:01,139.26
28/10/2016,5:01,138.82
31/10/2016,6:01,138.56
1/11/2016,7:01,137.75
2/11/2016,8:01,138.67
3/11/2016,9:01,138.28
4/11/2016,10:01,137.81
7/11/2016,11:01,138.17
8/11/2016,12:01,138.15
9/11/2016,13:01,137.74
10/11/2016,14:01,135.94
11/11/2016,15:01,134.54
14/11/2016,16:01,133.8
15/11/2016,17:01,135.18
16/11/2016,18:01,134.46
17/11/2016,19:01,133.73
18/11/2016,20:01,133.88
21/11/2016,21:01,134.1
22/11/2016,22:01,134.4
23/11/2016,23:01,133.5
24/11/2016,0:01,133.7
25/11/2016,1:01,133.6
28/11/2016,2:01,133.5
29/11/2016,3:01,134
30/11/2016,4:01,133.73
1/12/2016,5:01,132.5
2/12/2016,6:01,133.75
5/12/2016,7:01,132.58
6/12/2016,8:01,132.9
7/12/2016,9:01,133.8
8/12/2016,10:01,132.52
9/12/2016,11:01,132.76
12/12/2016,12:01,133.09
13/12/2016,13:01,134.43
14/12/2016,14:01,135.4
15/12/2016,15:01,134.75
16/12/2016,16:01,134.31
19/12/2016,17:01,135.13
20/12/2016,18:01,135
21/12/2016,19:01,135.24
22/12/2016,20:01,134.85
23/12/2016,21:01,135.33
27/12/2016,22:01,135.11
28/12/2016,23:01,135.14
29/12/2016,0:01,135.6
30/12/2016,1:01,135.31
2/01/2017,2:01,136.26
3/01/2017,3:01,134.78
4/01/2017,4:01,134.76
5/01/2017,5:01,134.21
6/01/2017,6:01,134.11
9/01/2017,7:01,134.43
10/01/2017,8:01,134.48
11/01/2017,9:01,134.97
12/01/2017,10:01,134.82
13/01/2017,11:01,134.64
16/01/2017,12:01,134.42
17/01/2017,13:01,134.58
18/01/2017,14:01,134.16
19/01/2017,15:01,133.78
20/01/2017,16:01,133.39
23/01/2017,17:01,133.54
24/01/2017,18:01,133.45
25/01/2017,19:01,132.71
26/01/2017,20:01,131.34
27/01/2017,21:01,131.45
30/01/2017,22:01,130.66
31/01/2017,23:01,130.91
1/02/2017,0:01,130.44
2/02/2017,1:01,131.4
3/02/2017,2:01,131.06
6/02/2017,3:01,129.9
7/02/2017,4:01,130.25
8/02/2017,5:01,131.13
9/02/2017,6:01,131.82
10/02/2017,7:01,130.86
13/02/2017,8:01,131.33
14/02/2017,9:01,131.28
15/02/2017,10:01,130.95
16/02/2017,11:01,131.99
17/02/2017,12:01,131.68
20/02/2017,13:01,131.73
21/02/2017,14:01,131.24
22/02/2017,15:01,131.42
23/02/2017,16:01,130.874
24/02/2017,17:01,130.998
27/02/2017,18:01,131.006
28/02/2017,19:01,131.154
1/03/2017,20:01,130.31
2/03/2017,21:01,130.37
3/03/2017,22:01,130.5
6/03/2017,23:01,130.32
7/03/2017,0:01,129.97
8/03/2017,1:01,129.23
9/03/2017,2:01,129.03
10/03/2017,3:01,128.45
13/03/2017,4:01,128.23
14/03/2017,5:01,128.21
15/03/2017,6:01,128.98
16/03/2017,7:01,128.32
17/03/2017,8:01,128.19
20/03/2017,9:01,128.11
21/03/2017,10:01,128.68
22/03/2017,11:01,129.1
23/03/2017,12:01,129.24
24/03/2017,13:01,129.53
27/03/2017,14:01,129.88
28/03/2017,15:01,130.57
29/03/2017,16:01,130.78
30/03/2017,17:01,130.84
31/03/2017,18:01,130.69
3/04/2017,19:01,130.49
4/04/2017,20:01,131.15
5/04/2017,21:01,131.16
6/04/2017,22:01,131.26
7/04/2017,23:01,131.82
10/04/2017,0:01,131.51
11/04/2017,1:01,131.29
12/04/2017,2:01,131.09
13/04/2017,3:01,131.03
18/04/2017,4:01,131.28
19/04/2017,5:01,131.08
20/04/2017,6:01,131.16
21/04/2017,7:01,131.16
24/04/2017,8:01,132.15
25/04/2017,9:01,131.64
26/04/2017,10:01,131.19
27/04/2017,11:01,131.82
28/04/2017,12:01,131.71
2/05/2017,13:01,131.45
3/05/2017,14:01,131.82
4/05/2017,15:01,132.04
5/05/2017,16:01,132.76
8/05/2017,17:01,132.03
9/05/2017,18:01,131.69
10/05/2017,19:01,132.04
11/05/2017,20:01,131.71
12/05/2017,21:01,132.21
15/05/2017,22:01,132.02
16/05/2017,23:01,132.59
17/05/2017,0:01,133.17
18/05/2017,1:01,133.37
19/05/2017,2:01,133.62
22/05/2017,3:01,133.59
23/05/2017,4:01,133.76
24/05/2017,5:01,133.49
25/05/2017,6:01,133.8
26/05/2017,7:01,134.33
29/05/2017,8:01,133.84
30/05/2017,9:01,134.04
31/05/2017,10:01,134.316
1/06/2017,11:01,133.87
2/06/2017,12:01,133.72
5/06/2017,13:01,133.63
6/06/2017,14:01,133.85
7/06/2017,15:01,133.33
8/06/2017,16:01,134.79
9/06/2017,17:01,135.7
12/06/2017,18:01,136.78
13/06/2017,19:01,137.27
14/06/2017,20:01,137.68
15/06/2017,21:01,137.25
16/06/2017,22:01,137.09
19/06/2017,23:01,137.63
20/06/2017,0:01,138.15
21/06/2017,1:01,138.36
22/06/2017,2:01,138.56
23/06/2017,3:01,138.37
26/06/2017,4:01,138.48
27/06/2017,5:01,136.96
28/06/2017,6:01,136.93
29/06/2017,7:01,135.17
30/06/2017,8:01,135.14
3/07/2017,9:01,135.27
4/07/2017,10:01,135.64
5/07/2017,11:01,135.43
6/07/2017,12:01,133.6
7/07/2017,13:01,132.87
10/07/2017,14:01,133.67
11/07/2017,15:01,133.18
12/07/2017,16:01,134.19
13/07/2017,17:01,133.56
14/07/2017,18:01,133.79
17/07/2017,19:01,134.52
18/07/2017,20:01,134.96
19/07/2017,21:01,135.04
20/07/2017,22:01,135.86
21/07/2017,23:01,136.57
24/07/2017,0:01,136.89
25/07/2017,1:01,135.77
26/07/2017,2:01,135.89
27/07/2017,3:01,136.33
28/07/2017,4:01,135.87
31/07/2017,5:01,136.24
1/08/2017,6:01,137.16
2/08/2017,7:01,137.36
3/08/2017,8:01,137.77
4/08/2017,9:01,137.43
7/08/2017,10:01,137.71
8/08/2017,11:01,137.54
9/08/2017,12:01,137.57
10/08/2017,13:01,137.47
11/08/2017,14:01,137.32
14/08/2017,15:01,137.61
15/08/2017,16:01,137.19
16/08/2017,17:01,137.21
17/08/2017,18:01,137.43
18/08/2017,19:01,137.47
21/08/2017,20:01,137.41
22/08/2017,21:01,136.54
23/08/2017,22:01,136.32
24/08/2017,23:01,136.4
25/08/2017,0:01,136.52
28/08/2017,1:01,136.518
29/08/2017,2:01,136.256
30/08/2017,3:01,135.804
31/08/2017,4:01,135.892
1/09/2017,5:01,135.21
4/09/2017,6:01,135.65
5/09/2017,7:01,136.21
6/09/2017,8:01,135.93
7/09/2017,9:01,137.37
8/09/2017,10:01,136.69
11/09/2017,11:01,136.65
12/09/2017,12:01,136.03
13/09/2017,13:01,135.63
14/09/2017,14:01,135.46
15/09/2017,15:01,135.25
18/09/2017,16:01,135.26
19/09/2017,17:01,135.49
20/09/2017,18:01,135.35
21/09/2017,19:01,135.07
22/09/2017,20:01,134.97
25/09/2017,21:01,135.11
26/09/2017,22:01,134.86
27/09/2017,23:01,134.48
28/09/2017,0:01,134.96
29/09/2017,1:01,134.96
2/10/2017,2:01,134.67
3/10/2017,3:01,134.44
4/10/2017,4:01,134.18
5/10/2017,5:01,134.83
6/10/2017,6:01,134.69
9/10/2017,7:01,135.11
10/10/2017,8:01,134.88
11/10/2017,9:01,135.2
12/10/2017,10:01,135.81
13/10/2017,11:01,136.55
16/10/2017,12:01,136.81
17/10/2017,13:01,137.23
18/10/2017,14:01,136.72
19/10/2017,15:01,137.03
20/10/2017,16:01,136.7
23/10/2017,17:01,137.18
24/10/2017,18:01,136.64
25/10/2017,19:01,136.88
26/10/2017,20:01,137.62
27/10/2017,21:01,138.03
30/10/2017,22:01,139.33
31/10/2017,23:01,139.59
1/11/2017,0:01,139.83
2/11/2017,1:01,139.84
3/11/2017,2:01,139.93
6/11/2017,3:01,140.04
7/11/2017,4:01,141.02
8/11/2017,5:01,140.66
9/11/2017,6:01,139.56
10/11/2017,7:01,139.28
13/11/2017,8:01,139.42
14/11/2017,9:01,139.61
15/11/2017,10:01,139.6
16/11/2017,11:01,139.44
17/11/2017,12:01,139.48
20/11/2017,13:01,139.79
21/11/2017,14:01,140.24
22/11/2017,15:01,140.43
23/11/2017,16:01,140.39
24/11/2017,17:01,139.92
27/11/2017,18:01,140.03
28/11/2017,19:01,139.754
29/11/2017,20:01,139.156
30/11/2017,21:01,139.446
1/12/2017,22:01,139.66
4/12/2017,23:01,139.5
5/12/2017,0:01,139.58
6/12/2017,1:01,139.45
7/12/2017,2:01,139.98
8/12/2017,3:01,140.48
11/12/2017,4:01,140.33
12/12/2017,5:01,139.75
13/12/2017,6:01,138.73
14/12/2017,7:01,138.61
15/12/2017,8:01,138.39
18/12/2017,9:01,138.51
19/12/2017,10:01,137.41
20/12/2017,11:01,136.72
21/12/2017,12:01,137.12
22/12/2017,13:01,137.28
27/12/2017,14:01,137.31
28/12/2017,15:01,136.92
29/12/2017,16:01,136.14
2/01/2018,17:01,134.92
3/01/2018,18:01,135.33
4/01/2018,19:01,135.89
5/01/2018,20:01,136.18
8/01/2018,21:01,136.34
9/01/2018,22:01,135.7
10/01/2018,23:01,135.54
11/01/2018,0:01,135.43
12/01/2018,1:01,136.32
15/01/2018,2:01,136.13
16/01/2018,3:01,136.61
17/01/2018,4:01,136.25
18/01/2018,5:01,136.37
19/01/2018,6:01,136.74
22/01/2018,7:01,137.16
23/01/2018,8:01,137.54
24/01/2018,9:01,137.3
25/01/2018,10:01,136.62
26/01/2018,11:01,136.3
29/01/2018,12:01,135.85
30/01/2018,13:01,135.91
31/01/2018,14:01,135.98
1/02/2018,15:01,136.77
2/02/2018,16:01,135.83
5/02/2018,17:01,135.74
6/02/2018,18:01,136.29
7/02/2018,19:01,136.9
8/02/2018,20:01,136.11
9/02/2018,21:01,135.65
12/02/2018,22:01,135.92
13/02/2018,23:01,135.44
14/02/2018,0:01,135.72
15/02/2018,1:01,135.83
16/02/2018,2:01,136.66
19/02/2018,3:01,135.93
20/02/2018,4:01,135.79
21/02/2018,5:01,135.94
22/02/2018,6:01,135.66
23/02/2018,7:01,135.52
26/02/2018,8:01,135.68
27/02/2018,9:01,135.6
28/02/2018,10:01,135.466
1/03/2018,11:01,135.54
2/03/2018,12:01,135.49
5/03/2018,13:01,134.75
6/03/2018,14:01,134.86
7/03/2018,15:01,135.36
8/03/2018,16:01,136.26
9/03/2018,17:01,135.98
12/03/2018,18:01,135.99
13/03/2018,19:01,136.1
14/03/2018,20:01,135.9
15/03/2018,21:01,136.27
16/03/2018,22:01,136.32
19/03/2018,23:01,136.46
20/03/2018,0:01,137.18
21/03/2018,1:01,136.84
22/03/2018,2:01,137.53
23/03/2018,3:01,137.63
26/03/2018,4:01,137.11
27/03/2018,5:01,137.69
28/03/2018,6:01,138.05
29/03/2018,7:01,138.79
3/04/2018,8:01,138.7
4/04/2018,9:01,139.24
5/04/2018,10:01,138.9
6/04/2018,11:01,138.82
9/04/2018,12:01,139.02
10/04/2018,13:01,138.67
11/04/2018,14:01,138.85
12/04/2018,15:01,138.55
13/04/2018,16:01,138.76
16/04/2018,17:01,138.71
17/04/2018,18:01,139.18
18/04/2018,19:01,139.59
19/04/2018,20:01,138.97
20/04/2018,21:01,138.93
23/04/2018,22:01,138.85
24/04/2018,23:01,139.07
25/04/2018,0:01,139.02
26/04/2018,1:01,139.44
27/04/2018,2:01,139.55
30/04/2018,3:01,139.01
2/05/2018,4:01,139.05
3/05/2018,5:01,139.55
4/05/2018,6:01,138.89
7/05/2018,7:01,139.38
8/05/2018,8:01,137.99
9/05/2018,9:01,137.91
10/05/2018,10:01,137.3
11/05/2018,11:01,137.84
14/05/2018,12:01,137.48
15/05/2018,13:01,137.14
16/05/2018,14:01,135.13
17/05/2018,15:01,134.88
18/05/2018,16:01,133.86
21/05/2018,17:01,132.07
22/05/2018,18:01,132.64
23/05/2018,19:01,131.67
24/05/2018,20:01,132.02
25/05/2018,21:01,131.42
28/05/2018,22:01,128.742
29/05/2018,23:01,123.312
30/05/2018,0:01,123.76
31/05/2018,1:01,124.778
1/06/2018,2:01,126.03
4/06/2018,3:01,128.12
5/06/2018,4:01,126.26
6/06/2018,5:01,124.36
7/06/2018,6:01,123.84
8/06/2018,7:01,122.28
11/06/2018,8:01,125.02
12/06/2018,9:01,124.69
13/06/2018,10:01,125.24
14/06/2018,11:01,126.03
15/06/2018,12:01,127.78
18/06/2018,13:01,128.27
19/06/2018,14:01,128.25
20/06/2018,15:01,128.38
21/06/2018,16:01,126.48
22/06/2018,17:01,126.92
25/06/2018,18:01,125.69
26/06/2018,19:01,124.78
27/06/2018,20:01,125.73
28/06/2018,21:01,126.13
29/06/2018,22:01,127.24
2/07/2018,23:01,127.71
3/07/2018,0:01,127.69
4/07/2018,1:01,127.9
5/07/2018,2:01,127.26
6/07/2018,3:01,127.15
9/07/2018,4:01,127.65
10/07/2018,5:01,127.58
11/07/2018,6:01,127.52
12/07/2018,7:01,127.85
13/07/2018,8:01,128.74
16/07/2018,9:01,128.52
17/07/2018,10:01,129.79
18/07/2018,11:01,129.33
19/07/2018,12:01,129.53
20/07/2018,13:01,128.69
23/07/2018,14:01,128.02
24/07/2018,15:01,127.91
25/07/2018,16:01,127.88
26/07/2018,17:01,127.56
27/07/2018,18:01,127.19
30/07/2018,19:01,126.7
31/07/2018,20:01,127.3
1/08/2018,21:01,126.74
2/08/2018,22:01,125.47
3/08/2018,23:01,125
6/08/2018,0:01,125.39
7/08/2018,1:01,125.59
8/08/2018,2:01,125.72
9/08/2018,3:01,125.54
10/08/2018,4:01,124.48
13/08/2018,5:01,123.48
14/08/2018,6:01,123.85
15/08/2018,7:01,122.47
16/08/2018,8:01,123.17
17/08/2018,9:01,123.04
20/08/2018,10:01,123.81
21/08/2018,11:01,124.78
22/08/2018,12:01,124.08
23/08/2018,13:01,123.7
24/08/2018,14:01,123.39
27/08/2018,15:01,123.14
28/08/2018,16:01,122.614
29/08/2018,17:01,122.888
30/08/2018,18:01,121.822
31/08/2018,19:01,121.156
3/09/2018,20:01,121.34
4/09/2018,21:01,122.77
5/09/2018,22:01,123.76
6/09/2018,23:01,124.15
7/09/2018,0:01,124.33
10/09/2018,1:01,125.68
11/09/2018,2:01,125.46
12/09/2018,3:01,125.24
13/09/2018,4:01,125.43
14/09/2018,5:01,125.2
17/09/2018,6:01,126.46
18/09/2018,7:01,127.32
19/09/2018,8:01,126.64
20/09/2018,9:01,126.55
21/09/2018,10:01,127.13
24/09/2018,11:01,125.91
25/09/2018,12:01,126.52
26/09/2018,13:01,127.02
27/09/2018,14:01,126.48
28/09/2018,15:01,123.84
1/10/2018,16:01,122.72
2/10/2018,17:01,121.02
3/10/2018,18:01,122.07
4/10/2018,19:01,122.17
5/10/2018,20:01,121.11
8/10/2018,21:01,119.77
9/10/2018,22:01,119.97
10/10/2018,23:01,120.31
11/10/2018,0:01,119.79
12/10/2018,1:01,119.89
15/10/2018,2:01,120
16/10/2018,3:01,121
17/10/2018,4:01,120.3
18/10/2018,5:01,119.15
19/10/2018,6:01,120.19
22/10/2018,7:01,120.83
23/10/2018,8:01,120.13
24/10/2018,9:01,119.67
25/10/2018,10:01,120.86
26/10/2018,11:01,121.32
29/10/2018,12:01,122.73
30/10/2018,13:01,121.22
31/10/2018,14:01,121.64
1/11/2018,15:01,122.1
2/11/2018,16:01,122.7
5/11/2018,17:01,122.84
6/11/2018,18:01,121.86
7/11/2018,19:01,122.57
8/11/2018,20:01,122.05
9/11/2018,21:01,122.05
12/11/2018,22:01,121.61
13/11/2018,23:01,121.72
14/11/2018,0:01,121.19
15/11/2018,1:01,121.34
16/11/2018,2:01,121.35
19/11/2018,3:01,120.52
20/11/2018,4:01,120.31
21/11/2018,5:01,121.45
22/11/2018,6:01,122.1
23/11/2018,7:01,122.34
26/11/2018,8:01,123.79
27/11/2018,9:01,123.234
28/11/2018,10:01,123.13
29/11/2018,11:01,123.444
30/11/2018,12:01,122.944
3/12/2018,13:01,123.36
4/12/2018,14:01,123.15
5/12/2018,15:01,124.01
6/12/2018,16:01,122.86
7/12/2018,17:01,123.43
10/12/2018,18:01,123.82
11/12/2018,19:01,123.67
12/12/2018,20:01,124.92
13/12/2018,21:01,125.35
14/12/2018,22:01,125.49
17/12/2018,23:01,125.35
18/12/2018,0:01,125.42
19/12/2018,1:01,127
20/12/2018,2:01,127.72
21/12/2018,3:01,126.98
24/12/2018,4:01,126.98
27/12/2018,5:01,127.76
28/12/2018,6:01,127.82
31/12/2018,7:01,127.82
2/01/2019,8:01,128.3
3/01/2019,9:01,126.48
4/01/2019,10:01,126.4
7/01/2019,11:01,126.27
8/01/2019,12:01,125.73
9/01/2019,13:01,126.29
10/01/2019,14:01,126.3
11/01/2019,15:01,126.72
14/01/2019,16:01,126.9
15/01/2019,17:01,126.65
16/01/2019,18:01,127.74
17/01/2019,19:01,127.54
18/01/2019,20:01,127.99
21/01/2019,21:01,127.72
22/01/2019,22:01,127.91
23/01/2019,23:01,127.86
24/01/2019,0:01,128.73
25/01/2019,1:01,128.99
28/01/2019,2:01,128.71
29/01/2019,3:01,129.17
30/01/2019,4:01,129.41
31/01/2019,5:01,129.57
1/02/2019,6:01,128.09
4/02/2019,7:01,127.89
5/02/2019,8:01,127.44
6/02/2019,9:01,127.1
7/02/2019,10:01,126.05
8/02/2019,11:01,125.76
11/02/2019,12:01,126.57
12/02/2019,13:01,127.12
13/02/2019,14:01,127.63
14/02/2019,15:01,127.72
15/02/2019,16:01,127.58
18/02/2019,17:01,127.99
19/02/2019,18:01,127.89
20/02/2019,19:01,127.28
21/02/2019,20:01,127.54
22/02/2019,21:01,127.39
25/02/2019,22:01,127.968
26/02/2019,23:01,128.088
27/02/2019,0:01,126.796
28/02/2019,1:01,126.768
1/03/2019,2:01,126.55
4/03/2019,3:01,126.59
5/03/2019,4:01,126.94
6/03/2019,5:01,127.89
7/03/2019,6:01,129.23
8/03/2019,7:01,129.2
11/03/2019,8:01,128.62
12/03/2019,9:01,128.8
13/03/2019,10:01,128.5
14/03/2019,11:01,129.23
15/03/2019,12:01,129.13
18/03/2019,13:01,129.95
19/03/2019,14:01,129.34
20/03/2019,15:01,129.19
21/03/2019,16:01,129.81
22/03/2019,17:01,129.72
25/03/2019,18:01,129.34
26/03/2019,19:01,129.57
27/03/2019,20:01,129.89
28/03/2019,21:01,129.6
29/03/2019,22:01,129.47
1/04/2019,23:01,129.27
2/04/2019,0:01,129.09
3/04/2019,1:01,128.89
4/04/2019,2:01,129.35
5/04/2019,3:01,129.67
8/04/2019,4:01,129.57
9/04/2019,5:01,130.16
10/04/2019,6:01,130.38
11/04/2019,7:01,130.86
12/04/2019,8:01,130.6
15/04/2019,9:01,130.27
16/04/2019,10:01,129.96
17/04/2019,11:01,129.83
18/04/2019,12:01,130.15
23/04/2019,13:01,129.16
24/04/2019,14:01,129.84
25/04/2019,15:01,129.2
26/04/2019,16:01,130.31
29/04/2019,17:01,130.36
30/04/2019,18:01,130.46
2/05/2019,19:01,130.72
3/05/2019,20:01,130.69
6/05/2019,21:01,130.47
7/05/2019,22:01,130.38
8/05/2019,23:01,130.17
9/05/2019,0:01,129.62
10/05/2019,1:01,129.49
13/05/2019,2:01,129.37
14/05/2019,3:01,129.12
15/05/2019,4:01,129.1
16/05/2019,5:01,129.64
17/05/2019,6:01,129.77
20/05/2019,7:01,129.52
21/05/2019,8:01,130.03
22/05/2019,9:01,130.14
23/05/2019,10:01,130.08
24/05/2019,11:01,131.09
27/05/2019,12:01,129.95
28/05/2019,13:01,129.288
29/05/2019,14:01,129.516
30/05/2019,15:01,129.074
31/05/2019,16:01,128.632
3/06/2019,17:01,129.1
4/06/2019,18:01,129.58
5/06/2019,19:01,129.77
6/06/2019,20:01,129.85
7/06/2019,21:01,131.2
10/06/2019,22:01,131.27
11/06/2019,23:01,131.76
12/06/2019,0:01,130.83
13/06/2019,1:01,131.31
14/06/2019,2:01,131.86
17/06/2019,3:01,132.15
18/06/2019,4:01,134.21
19/06/2019,5:01,133.97
20/06/2019,6:01,133.8
21/06/2019,7:01,133.43
24/06/2019,8:01,133.51
25/06/2019,9:01,133.52
26/06/2019,10:01,133.65
27/06/2019,11:01,133.76
28/06/2019,12:01,134.3
1/07/2019,13:01,135.88
2/07/2019,14:01,136.51
3/07/2019,15:01,138.87
4/07/2019,16:01,138.67
5/07/2019,17:01,137.73
8/07/2019,18:01,137.66
9/07/2019,19:01,137.72
10/07/2019,20:01,137.78
11/07/2019,21:01,137.91
12/07/2019,22:01,137.7
15/07/2019,23:01,138.65
16/07/2019,0:01,138.99
17/07/2019,1:01,139.14
18/07/2019,2:01,139.53
19/07/2019,3:01,139.06
22/07/2019,4:01,138.42
23/07/2019,5:01,139.12
24/07/2019,6:01,140.23
25/07/2019,7:01,139.98
26/07/2019,8:01,139.45
29/07/2019,9:01,139.45
30/07/2019,10:01,139.34
31/07/2019,11:01,139.81
1/08/2019,12:01,139.65
2/08/2019,13:01,139.82
5/08/2019,14:01,139.66
6/08/2019,15:01,140.19
7/08/2019,16:01,141.48
8/08/2019,17:01,140.01
9/08/2019,18:01,137.04
12/08/2019,19:01,137.98
13/08/2019,20:01,139.26
14/08/2019,21:01,140.15
15/08/2019,22:01,142.32
16/08/2019,23:01,141.41
19/08/2019,0:01,141.16
20/08/2019,1:01,142.3
21/08/2019,2:01,142.39
22/08/2019,3:01,142.45
23/08/2019,4:01,142.64
26/08/2019,5:01,142.54
27/08/2019,6:01,144.126
28/08/2019,7:01,144.806
29/08/2019,8:01,144.866
30/08/2019,9:01,143.894
2/09/2019,10:01,143.96
3/09/2019,11:01,144.97
4/09/2019,12:01,145.54
5/09/2019,13:01,144.35
6/09/2019,14:01,145.05
9/09/2019,15:01,144.08
10/09/2019,16:01,143.34
11/09/2019,17:01,144.07
12/09/2019,18:01,145.57
13/09/2019,19:01,145.03
16/09/2019,20:01,145.45
17/09/2019,21:01,144.61
18/09/2019,22:01,145.1
19/09/2019,23:01,144.97
20/09/2019,0:01,144.66
23/09/2019,1:01,145.63
24/09/2019,2:01,145.69
25/09/2019,3:01,145.65
26/09/2019,4:01,145.72
27/09/2019,5:01,145.67
30/09/2019,6:01,145.84
1/10/2019,7:01,145.51
2/10/2019,8:01,144.9
3/10/2019,9:01,145.68
4/10/2019,10:01,145.62
7/10/2019,11:01,145.37
8/10/2019,12:01,145.43
9/10/2019,13:01,145.19
10/10/2019,14:01,144.2
11/10/2019,15:01,144.38
14/10/2019,16:01,144.71
15/10/2019,17:01,144.37
16/10/2019,18:01,144.66
17/10/2019,19:01,144.92
18/10/2019,20:01,144.65
21/10/2019,21:01,143.97
22/10/2019,22:01,144.72
23/10/2019,23:01,144.43
24/10/2019,0:01,144.79
25/10/2019,1:01,144.34
28/10/2019,2:01,143.71
29/10/2019,3:01,143.89
30/10/2019,4:01,143.72
31/10/2019,5:01,144.47
1/11/2019,6:01,143.8
4/11/2019,7:01,143.81
5/11/2019,8:01,143.58
6/11/2019,9:01,143.47
7/11/2019,10:01,142.36
8/11/2019,11:01,141.84
11/11/2019,12:01,141.11
12/11/2019,13:01,141.57
13/11/2019,14:01,141.41
14/11/2019,15:01,140.77
15/11/2019,16:01,141.5
18/11/2019,17:01,141.78
19/11/2019,18:01,141.43
20/11/2019,19:01,141.85
21/11/2019,20:01,142.13
22/11/2019,21:01,141.97
25/11/2019,22:01,142.23
26/11/2019,23:01,142.42
27/11/2019,0:01,142.144
28/11/2019,1:01,142.458
29/11/2019,2:01,142.89
2/12/2019,3:01,141.98
3/12/2019,4:01,142.56
4/12/2019,5:01,142.78
5/12/2019,6:01,141.71
6/12/2019,7:01,142.04
9/12/2019,8:01,142.83
10/12/2019,9:01,143.12
11/12/2019,10:01,143.53
12/12/2019,11:01,143.2
13/12/2019,12:01,144.1
16/12/2019,13:01,143.85
17/12/2019,14:01,144.11
18/12/2019,15:01,143.35
19/12/2019,16:01,142.64
20/12/2019,17:01,142.42
23/12/2019,18:01,142.26
24/12/2019,19:01,142.26
27/12/2019,20:01,142.87
30/12/2019,21:01,142.46
31/12/2019,22:01,142.46
2/01/2020,23:01,142.39
3/01/2020,0:01,143.28
6/01/2020,1:01,143.24
7/01/2020,2:01,142.78
8/01/2020,3:01,142.65
9/01/2020,4:01,142.95
10/01/2020,5:01,143.44
13/01/2020,6:01,142.73
14/01/2020,7:01,142.78
15/01/2020,8:01,142.79
16/01/2020,9:01,142.19
17/01/2020,10:01,142.83
20/01/2020,11:01,143.06
21/01/2020,12:01,143.08
22/01/2020,13:01,143.07
23/01/2020,14:01,144.27
24/01/2020,15:01,144.47
27/01/2020,16:01,146.8
28/01/2020,17:01,146.96
29/01/2020,18:01,147.63
30/01/2020,19:01,147.97
31/01/2020,20:01,148.03
3/02/2020,21:01,147.69
4/02/2020,22:01,147.78
5/02/2020,23:01,147.56
6/02/2020,0:01,147.58
7/02/2020,1:01,147.87
10/02/2020,2:01,147.82
11/02/2020,3:01,147.5
12/02/2020,4:01,148.13
13/02/2020,5:01,148.43
14/02/2020,6:01,148.1
17/02/2020,7:01,148.28
18/02/2020,8:01,147.85
19/02/2020,9:01,147.86
20/02/2020,10:01,148.04
21/02/2020,11:01,148.25
24/02/2020,12:01,147.52
25/02/2020,13:01,147.536
26/02/2020,14:01,147.638
27/02/2020,15:01,146.896
28/02/2020,16:01,146.16
2/03/2020,17:01,145.64
3/03/2020,18:01,147.76
4/03/2020,19:01,147.67
5/03/2020,20:01,146.89
6/03/2020,21:01,146.68
9/03/2020,22:01,142.59
10/03/2020,23:01,142.6
11/03/2020,0:01,144.92
12/03/2020,1:01,138.35
13/03/2020,2:01,137.18
16/03/2020,3:01,132.88
17/03/2020,4:01,130.73
18/03/2020,5:01,131.86
19/03/2020,6:01,137.32
20/03/2020,7:01,139.69
23/03/2020,8:01,139.8
24/03/2020,9:01,140.55
25/03/2020,10:01,140.71
26/03/2020,11:01,144.81
27/03/2020,12:01,143.78
30/03/2020,13:01,142.24
31/03/2020,14:01,141.41
1/04/2020,15:01,141.43
2/04/2020,16:01,142.07
3/04/2020,17:01,141.31
6/04/2020,18:01,141.69
7/04/2020,19:01,140.47
8/04/2020,20:01,139.88
9/04/2020,21:01,140.48
14/04/2020,22:01,138.39
15/04/2020,23:01,136.88
16/04/2020,0:01,137.45
17/04/2020,1:01,137.96
20/04/2020,2:01,136.19
21/04/2020,3:01,133.84
22/04/2020,4:01,134.74
23/04/2020,5:01,135.88
24/04/2020,6:01,136.92
27/04/2020,7:01,138.51
28/04/2020,8:01,138.92
29/04/2020,9:01,138.71
30/04/2020,10:01,138.6
4/05/2020,11:01,138.79
5/05/2020,12:01,137.27
6/05/2020,13:01,136.2
7/05/2020,14:01,137.03
8/05/2020,15:01,138.3
11/05/2020,16:01,137.34
12/05/2020,17:01,137.35
13/05/2020,18:01,138.36
14/05/2020,19:01,138.14
15/05/2020,20:01,137.77
18/05/2020,21:01,138.85
19/05/2020,22:01,140.2
20/05/2020,23:01,140.25
21/05/2020,0:01,140.48
22/05/2020,1:01,140.82
25/05/2020,2:01,140.99
26/05/2020,3:01,141.062
27/05/2020,4:01,141.404
28/05/2020,5:01,141.636
29/05/2020,6:01,140.608
1/06/2020,7:01,140.85
2/06/2020,8:01,140.08
3/06/2020,9:01,139.7
4/06/2020,10:01,141.31
5/06/2020,11:01,141.26
8/06/2020,12:01,141.51
9/06/2020,13:01,140.91
10/06/2020,14:01,140.23
11/06/2020,15:01,141.12
12/06/2020,16:01,141.58
15/06/2020,17:01,141.73
16/06/2020,18:01,142.09
17/06/2020,19:01,142.1
18/06/2020,20:01,142.46
19/06/2020,21:01,142.66
22/06/2020,22:01,143.47
23/06/2020,23:01,143.72
24/06/2020,0:01,143.72
25/06/2020,1:01,143.21
26/06/2020,2:01,143.45
29/06/2020,3:01,143.33
30/06/2020,4:01,143.88
1/07/2020,5:01,143.5
2/07/2020,6:01,144.28
3/07/2020,7:01,143.72
